{
  "trained_at": "2026-06-17T00:12:14.373743",
  "n_cities": 4,
  "n_training_rows": 40,
  "n_features": 16,
  "algorithm": "XGBoost (gradient boosted trees)",
  "cv_method": "Leave-One-Out (LOO-CV) \u2014 appropriate for n<50",
  "hyperparameters": {
    "n_estimators": 150,
    "max_depth": 3,
    "learning_rate": 0.08,
    "subsample": 0.85,
    "colsample_bytree": 0.85,
    "reg_alpha": 0.5,
    "reg_lambda": 1.5
  },
  "models": {
    "aqi": {
      "model_name": "aqi",
      "target": "next_aqi",
      "n_training_rows": 40,
      "n_features": 16,
      "loo_cv_mape_pct": 6.29,
      "loo_cv_rmse": 9.47,
      "feature_importances_shap_pct": {
        "Previous year population": 44.099998474121094,
        "Coal heating share": 14.140000343322754,
        "Previous year AQI": 14.069999694824219,
        "Previous year inflation": 6.570000171661377,
        "Transit investment score": 5.269999980926514,
        "Previous year unemployment": 3.259999990463257,
        "Coal \u00d7 PM2.5 (interaction)": 3.109999895095825,
        "Year (trend proxy)": 2.9200000762939453,
        "Net migration (000s)": 2.059999942779541,
        "Previous year PM2.5": 1.5399999618530273,
        "GRP growth momentum": 1.1200000047683716,
        "Transit \u00d7 population (interaction)": 0.8899999856948853,
        "Previous year GRP/capita": 0.5199999809265137,
        "Population density": 0.2800000011920929,
        "City type": 0.09000000357627869,
        "Housing delivered (m\u00b2M)": 0.05000000074505806
      }
    },
    "grpPerCapita": {
      "model_name": "grpPerCapita",
      "target": "next_grp",
      "n_training_rows": 40,
      "n_features": 16,
      "loo_cv_mape_pct": 9.06,
      "loo_cv_rmse": 884.25,
      "feature_importances_shap_pct": {
        "Transit investment score": 34.4900016784668,
        "Previous year GRP/capita": 21.18000030517578,
        "Year (trend proxy)": 9.789999961853027,
        "Previous year population": 8.489999771118164,
        "Previous year unemployment": 6.059999942779541,
        "Previous year inflation": 4.079999923706055,
        "Previous year AQI": 3.640000104904175,
        "GRP growth momentum": 2.950000047683716,
        "Housing delivered (m\u00b2M)": 2.3299999237060547,
        "Transit \u00d7 population (interaction)": 2.1600000858306885,
        "Coal heating share": 1.409999966621399,
        "Coal \u00d7 PM2.5 (interaction)": 1.3700000047683716,
        "Net migration (000s)": 1.2799999713897705,
        "Previous year PM2.5": 0.5899999737739563,
        "City type": 0.1599999964237213,
        "Population density": 0.019999999552965164
      }
    },
    "population": {
      "model_name": "population",
      "target": "next_population",
      "n_training_rows": 40,
      "n_features": 16,
      "loo_cv_mape_pct": 3.16,
      "loo_cv_rmse": 52475.09,
      "feature_importances_shap_pct": {
        "Previous year population": 66.33000183105469,
        "City type": 16.420000076293945,
        "Population density": 6.920000076293945,
        "Transit investment score": 4.380000114440918,
        "Year (trend proxy)": 1.7000000476837158,
        "Previous year GRP/capita": 1.3700000047683716,
        "Transit \u00d7 population (interaction)": 1.2999999523162842,
        "Net migration (000s)": 0.8299999833106995,
        "Coal heating share": 0.18000000715255737,
        "Housing delivered (m\u00b2M)": 0.14000000059604645,
        "Previous year AQI": 0.12999999523162842,
        "Coal \u00d7 PM2.5 (interaction)": 0.12999999523162842,
        "GRP growth momentum": 0.11999999731779099,
        "Previous year unemployment": 0.03999999910593033,
        "Previous year inflation": 0.019999999552965164,
        "Previous year PM2.5": 0.009999999776482582
      }
    },
    "inflation": {
      "model_name": "inflation",
      "target": "next_inflation",
      "n_training_rows": 40,
      "n_features": 16,
      "loo_cv_mape_pct": 4.55,
      "loo_cv_rmse": 0.53,
      "feature_importances_shap_pct": {
        "Year (trend proxy)": 74.27999877929688,
        "GRP growth momentum": 10.279999732971191,
        "Previous year inflation": 9.65999984741211,
        "Previous year GRP/capita": 1.2300000190734863,
        "Housing delivered (m\u00b2M)": 1.0099999904632568,
        "Transit \u00d7 population (interaction)": 0.8100000023841858,
        "Previous year population": 0.7599999904632568,
        "Previous year unemployment": 0.6600000262260437,
        "Previous year AQI": 0.4699999988079071,
        "Coal \u00d7 PM2.5 (interaction)": 0.36000001430511475,
        "Coal heating share": 0.23999999463558197,
        "Net migration (000s)": 0.14000000059604645,
        "Previous year PM2.5": 0.05000000074505806,
        "Population density": 0.03999999910593033,
        "City type": 0.019999999552965164,
        "Transit investment score": 0.0
      }
    }
  },
  "summary": [
    {
      "metric": "aqi",
      "loo_mape": 6.29,
      "loo_rmse": 9.47,
      "top_3_features": [
        [
          "Previous year population",
          44.099998474121094
        ],
        [
          "Coal heating share",
          14.140000343322754
        ],
        [
          "Previous year AQI",
          14.069999694824219
        ]
      ]
    },
    {
      "metric": "grpPerCapita",
      "loo_mape": 9.06,
      "loo_rmse": 884.25,
      "top_3_features": [
        [
          "Transit investment score",
          34.4900016784668
        ],
        [
          "Previous year GRP/capita",
          21.18000030517578
        ],
        [
          "Year (trend proxy)",
          9.789999961853027
        ]
      ]
    },
    {
      "metric": "population",
      "loo_mape": 3.16,
      "loo_rmse": 52475.09,
      "top_3_features": [
        [
          "Previous year population",
          66.33000183105469
        ],
        [
          "City type",
          16.420000076293945
        ],
        [
          "Population density",
          6.920000076293945
        ]
      ]
    },
    {
      "metric": "inflation",
      "loo_mape": 4.55,
      "loo_rmse": 0.53,
      "top_3_features": [
        [
          "Year (trend proxy)",
          74.27999877929688
        ],
        [
          "GRP growth momentum",
          10.279999732971191
        ],
        [
          "Previous year inflation",
          9.65999984741211
        ]
      ]
    }
  ]
}